﻿<?xml version="1.0" encoding="UTF-8"?>
<beans xmlns="http://www.springframework.org/schema/beans"
	xmlns:xsi="http://www.w3.org/2001/XMLSchema-instance" 
	xmlns:context="http://www.springframework.org/schema/context"
	xsi:schemaLocation="
	http://www.springframework.org/schema/beans
	http://www.springframework.org/schema/beans/spring-beans-3.0.xsd
	http://www.springframework.org/schema/context
	http://www.springframework.org/schema/context/spring-context-3.0.xsd">
	
	<!--scan all the classes in the path -->
	<context:component-scan base-package="hk.com.mtr.mmis.transfer" />
	
	<!-- internationalization-->
	<bean id="messageSource" class="org.springframework.context.support.ResourceBundleMessageSource" >
		<property name="basenames" value="messages" ></property>
		<property name="useCodeAsDefaultMessage" value="true" ></property>
	</bean>
		
	<context:property-placeholder location="classpath:system.properties" />
					
	<bean id = "dataExchangeProcess" class = "hk.com.mtr.mmis.transfer.process.DataExchangeProcess"></bean>
		
	<bean name="dataExchangeJobDetail" class="org.springframework.scheduling.quartz.JobDetailFactoryBean">
		<property name="jobClass" value="hk.com.mtr.mmis.transfer.schedule.DataExchangeJobBean" />
		<property name="jobDataAsMap">
			<map>
				<entry key="dp">
					 <ref bean="dataExchangeProcess"/>
				</entry>
			</map>
		</property>
	</bean>		
	
	<bean id="dataExchangeTrigger"
		class="org.springframework.scheduling.quartz.SimpleTriggerFactoryBean">
		<property name="jobDetail" ref="dataExchangeJobDetail" />
		<!-- 5 seconds-->
		<property name="startDelay" value="${startDelay}" />
		<!-- repeat every 300000 seconds -->
		<property name="repeatInterval" value="${repeatInterval}" />
	</bean>		
	
	<bean class="org.springframework.scheduling.quartz.SchedulerFactoryBean">
		<property name="triggers">
			<list>				
			<ref bean="dataExchangeTrigger" />
			</list>
		</property>
	</bean>
     
</beans>